City,Lat,Temp,Humidity,Cloudiness,Wind_speed
rikitea,-23.12,69.29,73.0,49.0,19.71
winslow,51.94,41.52,93.0,75.0,6.93
dikson,73.51,26.87,85.0,99.0,17.92
ushuaia,-54.81,55.4,96.0,75.0,10.29
hami,42.84,55.2,17.0,1.0,3.69
aflu,,,,,
port alfred,-33.59,64.99,97.0,100.0,4.0
pucallpa,-8.38,73.4,94.0,75.0,2.24
hilo,19.71,72.41,88.0,90.0,8.05
zhezkazgan,47.8,42.8,64.0,75.0,17.9
valparaiso,41.47,55.15,87.0,90.0,6.04
punta arenas,-53.16,48.09,61.0,0.0,8.05
dingle,11.0,84.12,79.0,96.0,8.57
tuktoyaktuk,69.44,19.4,79.0,5.0,13.87
georgetown,6.8,75.2,100.0,20.0,4.7
atuona,-9.8,80.09,71.0,0.0,19.17
mar del plata,-46.43,59.73,40.0,0.0,13.22
gunnedah,-30.98,78.19,15.0,0.0,9.17
barrow,-38.31,50.36,83.0,0.0,10.27
busselton,-33.64,79.29,42.0,0.0,12.48
bengkulu,,,,,
tuy hoa,13.08,78.44,91.0,94.0,7.85
butaritari,3.07,84.86,74.0,84.0,10.07
lasa,34.92,68.76,73.0,20.0,6.93
taolanaro,,,,,
albany,42.65,35.06,86.0,20.0,3.36
mayumba,-3.44,77.55,84.0,98.0,7.65
kununurra,-15.77,105.8,18.0,40.0,9.17
fairbanks,64.84,30.72,92.0,75.0,2.93
hobart,-42.88,60.44,42.0,75.0,14.99
provideniya,64.42,20.58,82.0,24.0,5.79
manacapuru,-3.3,73.4,94.0,0.0,2.24
pevek,69.7,26.63,81.0,99.0,15.05
kapaa,22.08,78.87,83.0,75.0,9.17
cape town,-33.93,61.02,87.0,40.0,4.7
belushya guba,,,,,
tumannyy,,,,,
toftir,,,,,
yellowknife,62.45,25.65,92.0,40.0,8.05
naze,5.43,73.4,100.0,40.0,2.8
faanui,-16.48,80.0,81.0,22.0,10.92
kazalinsk,,,,,
kondinskoye,59.65,27.08,45.0,0.0,11.92
dzhebariki-khaya,62.22,32.81,99.0,100.0,0.38
jamestown,-33.21,74.48,21.0,0.0,10.09
cabo san lucas,22.89,72.37,83.0,75.0,12.75
bambous virieux,-20.34,77.0,65.0,75.0,13.87
fort nelson,58.81,33.8,96.0,90.0,2.15
hasaki,35.73,72.14,64.0,75.0,11.41
caravelas,-17.73,74.1,86.0,66.0,2.77
torbay,47.66,46.33,100.0,90.0,20.8
lebu,8.96,60.8,59.0,40.0,9.17
saleaula,,,,,
pacific grove,36.62,55.47,87.0,90.0,5.82
cayenne,4.94,77.0,94.0,0.0,5.32
east london,-33.02,68.0,88.0,75.0,14.99
hamilton,43.26,44.42,93.0,75.0,6.93
saryshagan,,,,,
bluff,-23.58,88.88,9.0,0.0,11.99
upernavik,72.79,26.33,80.0,100.0,8.48
saldanha,41.42,45.64,88.0,86.0,8.99
thompson,55.74,37.4,86.0,90.0,5.82
hidalgo,26.1,78.62,88.0,40.0,4.7
arraial do cabo,-22.97,71.52,88.0,90.0,15.75
lupiro,-8.39,79.53,66.0,2.0,6.26
rivadavia,-31.53,52.89,49.0,76.0,2.89
tamandare,-8.28,69.63,91.0,100.0,1.41
teya,21.05,81.48,78.0,75.0,5.82
honningsvag,70.98,32.3,68.0,99.0,11.88
kokkola,63.84,35.17,86.0,90.0,5.82
new norfolk,-42.78,60.73,42.0,75.0,14.99
vaitupu,,,,,
gangapur,19.7,73.22,82.0,97.0,12.3
chuy,-33.69,51.78,84.0,100.0,7.25
santa eulalia del rio,,,,,
acapulco,16.86,78.8,94.0,75.0,5.82
puerto madryn,-42.77,72.23,27.0,66.0,20.02
kodiak,39.95,46.96,100.0,1.0,3.36
eureka,40.8,48.61,93.0,1.0,6.93
port hawkesbury,45.62,44.87,75.0,90.0,13.87
mount gambier,-37.83,55.4,66.0,90.0,11.41
iskateley,67.68,32.36,98.0,100.0,14.65
grand river south east,,,,,
luwuk,-0.95,68.82,95.0,100.0,3.6
novoagansk,61.94,26.78,69.0,23.0,11.01
los llanos de aridane,28.66,69.8,77.0,29.0,2.24
chokurdakh,70.62,2.53,96.0,43.0,8.1
san carlos de bariloche,-41.13,51.8,66.0,0.0,16.11
iqaluit,63.75,24.39,73.0,20.0,6.93
sumter,33.92,69.17,100.0,90.0,9.17
mataura,-46.19,59.0,54.0,82.0,10.0
carnarvon,-30.97,67.74,18.0,0.0,10.96
ribeira grande,38.52,62.92,63.0,23.0,6.71
muros,42.77,48.97,100.0,40.0,2.24
saskylakh,71.97,-2.46,87.0,4.0,4.74
barawe,,,,,
rio grande,-32.03,48.45,95.0,100.0,2.51
sinnamary,5.38,81.39,80.0,61.0,13.6
kagal,16.58,78.63,77.0,79.0,12.84
locri,38.24,67.87,83.0,20.0,5.82
zelenets,53.83,40.26,80.0,22.0,5.37
bubaque,11.28,81.24,84.0,23.0,13.18
avarua,-21.21,73.4,88.0,34.0,8.05
talnakh,69.49,15.8,92.0,75.0,12.95
rockingham,52.52,43.47,87.0,7.0,5.82
qaanaaq,77.48,0.93,48.0,0.0,5.7
laguna,16.17,78.8,94.0,0.0,0.78
ereymentau,51.62,23.68,73.0,0.0,12.46
kruisfontein,-34.0,65.35,77.0,87.0,15.79
hithadhoo,-0.6,82.0,77.0,92.0,14.79
bac giang,21.27,84.2,58.0,40.0,2.24
illoqqortoormiut,,,,,
mankono,8.06,70.5,97.0,100.0,4.21
esperance,-33.86,89.6,22.0,42.0,12.75
opuwo,-18.06,77.68,37.0,85.0,1.23
puerto ayacucho,5.66,74.75,87.0,44.0,1.77
gornorechenskiy,44.26,54.33,50.0,0.0,6.17
alice springs,-23.7,89.6,11.0,0.0,12.75
santa maria,-16.02,73.13,47.0,0.0,2.24
tura,64.27,13.46,83.0,10.0,3.22
yulara,-25.24,95.0,14.0,93.0,11.41
nikolskoye,59.7,46.35,87.0,20.0,8.95
alofi,-19.06,78.8,83.0,47.0,9.17
sitka,37.17,51.55,59.0,5.0,11.99
margate,-43.03,60.37,45.0,75.0,13.87
victoria,5.28,89.28,62.0,75.0,3.36
bredasdorp,-34.53,61.99,77.0,30.0,6.93
mao,19.55,78.75,94.0,40.0,4.7
luanda,-8.83,75.2,88.0,75.0,4.7
severo-kurilsk,50.68,40.55,73.0,0.0,16.42
tonj,,,,,
ponta delgada,37.73,59.0,72.0,20.0,5.82
tahta,,,,,
altamira,-3.2,74.58,86.0,51.0,3.96
roblin,51.23,37.41,87.0,50.0,3.6
tasiilaq,65.61,32.0,90.0,100.0,10.29
sentyabrskiy,,,,,
ulaangom,49.98,42.13,36.0,100.0,4.65
glendive,47.11,32.36,74.0,1.0,3.36
yar-sale,66.83,28.88,62.0,96.0,21.18
hermanus,-34.42,61.9,90.0,43.0,4.0
hartford,41.76,37.65,86.0,1.0,0.25
mutsamudu,,,,,
san juan de abajo,20.82,77.0,94.0,90.0,5.46
vila franca do campo,37.72,59.0,72.0,20.0,5.82
saryagash,41.45,71.6,26.0,0.0,4.85
oga,46.46,44.11,87.0,75.0,4.7
albertville,45.68,53.47,100.0,75.0,2.24
yaan,7.38,72.26,96.0,91.0,2.3
nizhneyansk,,,,,
gatesville,31.44,62.44,67.0,1.0,8.84
guerrero negro,27.97,67.65,79.0,0.0,17.85
castro,-42.48,44.6,100.0,90.0,4.7
catuday,16.29,83.69,70.0,0.0,6.46
dunmore town,25.5,82.61,80.0,100.0,16.78
zhigansk,66.77,16.7,93.0,94.0,5.23
tezu,27.93,84.61,40.0,11.0,3.36
pisco,-13.71,62.29,82.0,0.0,5.82
cuiluan,47.72,58.38,48.0,83.0,8.84
saint-pierre,48.95,53.29,100.0,100.0,8.05
kobojango,,,,,
kaitangata,-46.28,51.01,83.0,88.0,3.0
marsaxlokk,35.84,70.65,88.0,20.0,5.82
kovrov,56.37,50.72,94.0,100.0,8.7
abu samrah,35.3,70.23,67.0,0.0,7.72
olafsvik,,,,,
kaihua,29.14,75.88,33.0,0.0,3.78
airai,-8.93,92.66,33.0,5.0,6.82
moissala,8.34,72.71,95.0,98.0,3.51
westport,41.14,41.97,87.0,1.0,3.36
rassvet,49.11,52.21,81.0,0.0,8.63
cherskiy,68.75,6.15,91.0,66.0,4.5
lata,30.78,39.54,34.0,0.0,9.28
vaini,15.34,76.15,94.0,75.0,5.82
surt,31.21,72.82,63.0,78.0,2.93
khatanga,71.98,6.26,75.0,96.0,11.77
karlstad,59.38,48.09,100.0,100.0,5.82
saint-philippe,45.36,34.32,93.0,1.0,2.84
amahai,-3.31,81.03,76.0,100.0,11.54
iberia,-11.41,68.36,99.0,100.0,0.16
aybak,,,,,
necochea,-38.55,41.54,96.0,0.0,4.0
aguimes,27.91,69.8,68.0,20.0,13.87
palabuhanratu,,,,,
puerto ayora,-0.74,68.0,88.0,42.0,5.01
omagh,54.6,42.98,82.0,9.0,6.87
astara,38.42,58.95,100.0,90.0,5.26
liaozhong,41.51,68.0,45.0,90.0,13.42
chardara,,,,,
vila,45.18,58.57,100.0,75.0,10.29
half moon bay,37.46,54.01,87.0,40.0,11.81
bethel,60.79,30.2,80.0,75.0,5.82
ilulissat,69.22,30.2,74.0,88.0,6.93
ohara,35.12,70.66,50.0,75.0,10.29
norman wells,65.28,28.4,92.0,75.0,3.36
marawi,8.0,84.99,77.0,87.0,7.0
mazyr,52.05,54.93,76.0,64.0,6.11
narsaq,60.91,41.0,86.0,100.0,3.36
nanortalik,60.14,40.55,83.0,100.0,3.0
grindavik,63.84,42.8,81.0,75.0,9.17
mahajanga,-15.72,82.4,42.0,0.0,14.99
san patricio,-26.98,59.91,73.0,64.0,7.43
tuatapere,-46.13,57.99,55.0,47.0,8.99
kalianget,-7.74,86.7,42.0,20.0,5.66
maragogi,-9.01,70.37,95.0,69.0,4.52
ankang,32.73,57.41,89.0,97.0,1.63
noumea,-22.28,82.54,39.0,20.0,11.41
blonduos,,,,,
jacareacanga,-6.22,71.58,97.0,99.0,1.95
itaituba,-4.26,73.27,95.0,99.0,1.32
college,64.86,29.66,92.0,75.0,2.93
avera,33.19,61.47,97.0,90.0,5.82
homer,59.64,36.81,100.0,40.0,3.36
wronki,52.71,49.48,100.0,100.0,5.82
seoul,37.57,69.8,56.0,1.0,3.36
louisbourg,,,,,
coquimbo,-29.95,53.6,81.0,75.0,3.36
amderma,,,,,
ron phibun,8.18,82.4,88.0,40.0,5.82
trincomalee,8.58,91.04,52.0,81.0,5.53
puro,13.13,85.19,69.0,94.0,4.18
samarai,-10.62,78.08,76.0,0.0,8.57
shebunino,57.66,50.0,93.0,0.0,4.47
san policarpo,12.18,85.01,67.0,53.0,8.05
pangnirtung,66.15,16.16,51.0,95.0,2.46
codrington,-28.95,73.49,46.0,40.0,17.22
geraldton,49.72,44.6,93.0,40.0,4.7
la rioja,-29.41,50.7,84.0,43.0,1.41
tiksi,71.64,5.9,96.0,75.0,3.13
kahului,20.89,76.68,65.0,1.0,10.29
tawkar,,,,,
shaunavon,49.65,40.24,60.0,83.0,6.67
salalah,17.01,87.8,40.0,0.0,1.12
florianopolis,-27.6,58.26,77.0,0.0,9.17
high level,58.52,30.2,100.0,90.0,2.24
kyabe,9.45,73.32,95.0,99.0,1.95
elizabeth city,36.3,61.75,87.0,90.0,5.82
mahebourg,-20.41,77.0,65.0,75.0,13.87
nome,30.04,76.21,94.0,1.0,3.36
mattawa,46.32,42.89,70.0,75.0,10.29
bontang,0.12,90.21,54.0,100.0,3.71
cidreira,-30.17,58.33,77.0,100.0,3.83
lompoc,34.64,56.01,93.0,90.0,13.87
praia da vitoria,38.73,62.6,67.0,40.0,9.55
zaysan,47.47,40.44,64.0,100.0,7.67
santa rosalia,38.07,64.42,64.0,0.0,2.24
buctzotz,21.2,81.96,84.0,60.0,10.65
klaksvik,62.23,41.0,60.0,100.0,8.05
scottsbluff,41.87,50.41,43.0,90.0,6.93
santa isabel,32.63,70.54,23.0,1.0,10.29
ternate,14.29,87.17,62.0,40.0,8.05
baherden,38.44,65.98,18.0,51.0,2.77
port elizabeth,39.31,48.16,93.0,1.0,3.98
faya,18.39,64.51,29.0,0.0,0.49
severodvinsk,64.56,42.8,100.0,90.0,6.71
fort saint john,,,,,
maiduguri,11.84,76.42,71.0,78.0,5.61
wajir,1.75,75.2,88.0,75.0,10.49
alenquer,-1.95,75.2,100.0,20.0,2.24
palmer,-34.85,64.89,51.0,20.0,16.11
karera,25.46,84.75,45.0,100.0,4.68
saint-joseph,43.56,64.24,68.0,90.0,4.7
madang,35.32,42.96,46.0,7.0,4.74
aksarka,66.56,27.42,66.0,100.0,18.92
itoman,26.12,75.2,94.0,75.0,10.29
vanimo,-2.67,84.52,71.0,92.0,11.3
kawalu,-7.38,84.88,51.0,59.0,9.01
sobolevo,54.43,51.02,87.0,100.0,6.8
kirakira,-10.46,81.06,87.0,87.0,12.19
jurm,36.86,60.36,20.0,0.0,5.48
bonavista,48.65,46.99,87.0,91.0,7.0
keshan,,,,,
talcahuano,-36.72,55.4,71.0,90.0,3.36
fortuna,40.6,48.76,93.0,1.0,6.93
barentsburg,,,,,
nan,18.78,87.8,62.0,20.0,4.7
aklavik,68.22,23.0,85.0,75.0,6.93
pisticci,40.39,61.12,100.0,75.0,5.82
shimoda,34.7,73.89,78.0,75.0,10.29
teneguiban,,,,,
uray,60.13,27.51,47.0,0.0,11.74
kavaratti,10.57,82.86,76.0,100.0,16.91
morshansk,53.44,51.53,82.0,8.0,8.37
vredendal,-31.68,58.74,94.0,0.0,5.35
sao jose da coroa grande,-8.9,70.37,95.0,69.0,4.52
tautira,-17.73,78.33,83.0,40.0,3.36
beloha,-25.17,86.5,25.0,0.0,4.79
arman,59.7,22.83,68.0,13.0,2.21
san cristobal,14.68,66.05,92.0,82.0,2.95
pitimbu,-7.47,73.4,94.0,40.0,3.36
mys shmidta,,,,,
karamken,,,,,
alta floresta,-9.87,69.62,96.0,100.0,0.98
nadym,65.53,26.63,63.0,97.0,20.58
kuryk,43.18,67.33,36.0,0.0,10.2
finschhafen,-6.6,71.15,92.0,90.0,3.2
asfi,,,,,
lavrentiya,65.58,19.22,92.0,26.0,2.19
abnub,27.27,71.6,56.0,0.0,9.17
launceston,-41.43,62.38,45.0,40.0,17.22
tomatlan,19.93,79.12,88.0,100.0,12.57
uruacu,-14.52,79.3,57.0,68.0,2.35
meyungs,,,,,
maryborough,-25.54,77.09,49.0,0.0,10.42
palaiokhora,,,,,
tombouctou,16.77,85.47,21.0,31.0,8.19
radnevo,42.29,53.64,100.0,75.0,1.43
the valley,18.22,81.55,83.0,20.0,3.36
marcona,,,,,
constitucion,23.99,63.0,70.0,38.0,5.99
rincon,8.46,63.0,100.0,100.0,2.01
sidi ali,36.1,70.5,79.0,99.0,8.66
khash,28.22,68.23,22.0,0.0,4.94
edmonton,53.54,35.17,74.0,75.0,8.05
palana,59.08,34.48,67.0,93.0,7.72
atasu,48.68,33.0,70.0,99.0,20.65
voznesenye,61.02,48.09,88.0,97.0,9.48
riyadh,24.63,82.4,32.0,0.0,8.59
sola,-3.17,76.01,60.0,72.0,2.98
rabo de peixe,37.8,59.0,72.0,20.0,5.82
okha,53.59,46.92,74.0,100.0,3.94
mahadday weyne,,,,,
ponta do sol,-20.63,65.93,90.0,82.0,3.06
belyy yar,53.6,30.2,74.0,75.0,13.42
bathsheba,13.22,80.6,74.0,20.0,6.93
ironton,38.54,56.14,71.0,75.0,6.93
arsk,56.09,35.6,80.0,90.0,11.18
attawapiskat,,,,,
saltpond,5.2,76.26,88.0,100.0,7.7
katsuura,33.93,72.43,60.0,75.0,11.41
umzimvubu,,,,,
lorengau,-2.02,83.22,77.0,88.0,6.87
gold coast,-28.0,74.71,56.0,0.0,21.92
skelleftea,64.75,24.39,79.0,0.0,4.7
nurota,40.56,68.0,32.0,0.0,6.93
lashio,22.93,88.39,45.0,15.0,2.62
mildura,-34.18,71.8,21.0,0.0,11.41
sal rei,16.18,77.0,83.0,75.0,14.99
karaul,,,,,
primore,,,,,
luderitz,-26.65,57.65,80.0,0.0,18.92
meadow lake,54.13,33.45,94.0,0.0,4.32
deming,32.27,46.78,48.0,1.0,11.41
panguna,-6.32,83.22,72.0,84.0,11.63
qiryat yam,32.85,71.56,78.0,20.0,3.36
saint george,39.45,57.09,93.0,40.0,5.82
kansanshi,-12.1,77.79,49.0,0.0,2.82
tripoli,37.51,62.73,82.0,0.0,2.53
tucuman,-17.17,52.59,64.0,75.0,1.99
mehamn,71.03,28.63,67.0,91.0,5.61
coralville,41.68,41.4,100.0,90.0,3.36
alamogordo,32.9,53.11,37.0,1.0,5.82
zarand,30.81,68.0,15.0,20.0,2.24
maxixe,-23.86,77.0,88.0,20.0,9.17
moerai,-22.43,72.6,84.0,100.0,20.33
abadiania,-16.2,70.91,44.0,44.0,3.47
laurel,39.1,51.31,87.0,1.0,5.35
cap malheureux,-19.98,77.45,65.0,75.0,13.87
xingyi,24.19,68.88,65.0,20.0,9.19
sambava,-14.27,78.08,64.0,60.0,4.5
port hardy,50.7,46.4,87.0,75.0,5.82
parras,,,,,
north bend,43.41,50.56,93.0,90.0,8.05
cururupu,-1.82,73.13,98.0,52.0,2.55
baturaja,-4.12,96.26,30.0,100.0,6.85
tamazulapam,,,,,
el cortezo,8.35,67.8,98.0,100.0,2.06
toora-khem,52.47,34.73,55.0,100.0,2.71
buala,-8.15,83.15,76.0,46.0,9.04
mahibadhoo,3.78,83.19,74.0,67.0,9.28
wahran,,,,,
moca,19.39,78.73,94.0,40.0,4.7
barranca,-10.75,61.53,90.0,93.0,15.9
tabiauea,,,,,
moindou,-21.69,84.2,39.0,20.0,11.41
banyo,6.75,63.69,97.0,100.0,1.41
arkhangelsk,64.54,42.8,100.0,90.0,6.71
tashtagol,52.76,29.67,93.0,100.0,6.91
camopi,3.17,70.95,99.0,17.0,2.66
kota bahru,,,,,
kingsport,36.55,51.58,100.0,90.0,4.16
sioux lookout,50.1,39.54,100.0,20.0,3.13
mvuma,-19.28,77.75,26.0,0.0,6.22
bud,62.91,37.22,86.0,34.0,5.82
lyndon,38.61,46.67,93.0,90.0,6.67
sao filipe,14.9,77.81,87.0,86.0,19.91
galiwinku,,,,,
banepa,27.63,69.8,77.0,75.0,4.7
carbonia,39.17,62.6,88.0,0.0,2.24
acucena,-19.07,66.32,93.0,98.0,2.84
sechura,-5.56,63.08,88.0,67.0,11.39
saint-augustin,45.63,34.54,84.0,5.0,1.34
poletayevo,55.04,24.93,68.0,40.0,11.18
sugod,12.99,84.88,68.0,74.0,6.46
saint-louis,16.03,81.42,74.0,48.0,19.35
tiznit,29.7,65.49,89.0,0.0,8.16
junction city,39.03,47.37,81.0,1.0,8.79
oriximina,-1.77,78.27,85.0,74.0,4.14
kloulklubed,7.04,86.0,70.0,75.0,3.36
antalaha,-14.9,75.12,69.0,55.0,2.73
nemuro,43.32,59.0,58.0,40.0,10.29
ribas do rio pardo,-20.45,69.49,83.0,100.0,4.07
mamou,10.37,67.76,96.0,36.0,2.55
felanitx,39.47,72.73,78.0,20.0,8.05
dunedin,-45.87,53.01,77.0,100.0,13.0
parabel,58.71,25.25,56.0,7.0,5.48
ballina,54.11,48.74,90.0,83.0,5.01
egvekinot,66.32,16.53,85.0,100.0,12.06
saint anthony,43.97,33.12,80.0,40.0,10.29
clyde river,70.47,19.4,79.0,40.0,6.93
mount pleasant,33.16,62.56,88.0,1.0,4.36
bad langensalza,51.11,54.23,82.0,75.0,2.24
tateyama,36.66,68.83,68.0,75.0,6.93
dodoma,-6.18,69.8,77.0,20.0,14.99
kinsale,51.71,45.39,87.0,40.0,13.87
manavalakurichi,8.13,84.2,74.0,40.0,9.17
hvide sande,56.01,49.03,93.0,5.0,4.7
camana,,,,,
katobu,-4.94,96.72,21.0,0.0,11.01
baiyin,36.55,57.2,30.0,0.0,4.47
zeya,53.74,44.96,68.0,0.0,4.99
gasa,27.91,40.11,49.0,37.0,10.2
kovdor,67.56,16.84,90.0,0.0,2.28
portland,43.66,33.93,86.0,1.0,1.01
sao joao da barra,-21.64,69.24,94.0,98.0,0.2
padang,-0.92,78.42,87.0,100.0,15.7
umm lajj,25.02,86.46,65.0,0.0,6.78
mamlyutka,54.94,28.4,54.0,0.0,4.47
semey,50.41,30.2,86.0,90.0,17.9
kirovskiy,45.09,60.74,44.0,0.0,3.78
ugoofaaru,5.67,83.55,76.0,93.0,13.02
mayo,63.59,28.4,92.0,90.0,3.36
labuan,5.28,89.28,62.0,75.0,3.36
behbahan,30.59,78.76,54.0,0.0,11.41
ancud,-41.87,44.6,100.0,90.0,4.7
namatanai,-3.66,82.54,74.0,87.0,10.4
houma,35.63,65.17,25.0,100.0,11.23
visby,57.64,53.37,93.0,100.0,9.17
denpasar,-8.65,87.8,66.0,20.0,11.41
aden,12.79,87.44,52.0,100.0,13.15
douentza,15.01,82.72,30.0,52.0,2.57
hirado,33.32,74.66,73.0,100.0,16.11
basirhat,22.67,89.6,70.0,40.0,3.36
mandapeta,16.87,89.6,66.0,40.0,8.05
longyearbyen,78.22,17.6,78.0,75.0,8.05
sicuani,-14.27,32.84,99.0,100.0,1.34
qasigiannguit,68.82,30.2,74.0,94.0,6.93
komsomolskiy,67.55,25.71,95.0,100.0,18.37
lagoa,37.14,55.58,93.0,0.0,5.82
tobol,59.83,46.49,93.0,100.0,6.93
illela,12.25,77.34,77.0,100.0,7.02
bargal,,,,,
hvittingfoss,59.48,42.17,100.0,90.0,12.75
uddevalla,58.35,49.35,93.0,96.0,5.82
svetlyy,,,,,
marau,-28.45,49.19,69.0,76.0,9.13
copiapo,-27.37,55.4,76.0,90.0,6.93
comodoro rivadavia,-45.87,62.6,48.0,0.0,2.24
bellavista,21.56,69.01,94.0,100.0,1.36
valdivia,-39.81,53.6,87.0,90.0,6.93
chifeng,42.27,52.19,19.0,52.0,18.54
svetlogorsk,53.14,23.0,73.0,40.0,6.71
quelimane,-17.88,78.8,88.0,40.0,4.7
berbera,,,,,
itarema,-2.92,77.7,81.0,60.0,6.53
constantine,36.36,57.2,76.0,0.0,3.36
green river,41.53,28.18,79.0,90.0,34.45
vila velha,-3.71,78.91,78.0,40.0,9.17
karpathos,35.51,71.6,83.0,20.0,31.09
eufaula,31.89,58.87,93.0,90.0,4.7
hofn,64.25,26.0,44.0,68.0,10.31
taltal,-25.41,47.03,90.0,18.0,3.4
sabha,27.03,71.97,57.0,100.0,11.03
starokostyantyniv,49.76,54.48,74.0,37.0,7.14
papara,-3.98,78.91,78.0,40.0,9.17
anadyr,64.73,28.2,92.0,100.0,17.9
nador,35.17,64.4,72.0,40.0,13.87
ibotirama,-12.18,71.9,38.0,61.0,2.19
kasongo-lunda,-6.48,70.14,94.0,73.0,0.6
kalmunai,7.42,92.08,50.0,92.0,2.3
viedma,-40.81,61.25,55.0,20.0,16.69
batagay,67.65,18.71,89.0,97.0,3.04
marzuq,14.4,75.23,23.0,7.0,4.76
talaya,55.79,23.0,49.0,0.0,8.95
ningan,,,,,
beni,0.49,68.73,91.0,100.0,0.27
olinda,-37.84,59.22,54.0,75.0,16.11
tevriz,57.51,28.49,59.0,0.0,4.27
utiroa,,,,,
statesboro,32.45,73.98,88.0,90.0,9.17
saint augustine,10.65,75.52,94.0,20.0,7.83
wajid,3.81,78.38,70.0,91.0,3.58
rundu,-17.91,79.25,12.0,0.0,3.91
plakhtiyivka,46.1,57.03,83.0,0.0,3.15
venado tuerto,-33.75,55.0,77.0,29.0,3.0
chapais,49.78,32.0,91.0,1.0,2.24
umm kaddadah,13.6,86.27,43.0,34.0,2.06
desur,12.43,84.2,79.0,75.0,10.29
pafos,,,,,
zalantun,48.0,54.44,39.0,85.0,11.01
kavieng,-2.57,84.5,73.0,33.0,12.77
quang ngai,15.12,78.56,81.0,68.0,4.23
shenjiamen,29.96,68.77,62.0,4.0,11.34
naruja,41.91,64.36,88.0,75.0,6.93
toliary,,,,,
ylojarvi,61.56,36.54,100.0,75.0,3.36
hays,38.88,47.86,70.0,1.0,10.29
shingu,33.72,75.2,64.0,75.0,10.29
bundaberg,-24.87,82.58,30.0,0.0,24.16
la palma,5.36,67.01,99.0,100.0,0.98
sangar,63.92,30.48,91.0,99.0,2.24
maniitsoq,65.42,33.72,58.0,0.0,7.49
road town,18.42,80.26,78.0,1.0,3.36
padre bernardo,,,,,
marrakesh,31.63,59.0,93.0,40.0,1.12
tafresh,34.69,53.6,50.0,90.0,2.24
opobo,,,,,
alvaraes,-3.22,73.74,91.0,35.0,0.96
imbituba,-28.24,62.6,77.0,0.0,9.17
kaitong,44.81,61.77,25.0,5.0,20.87
ambilobe,-13.19,88.8,33.0,14.0,12.01
jardim,-21.48,67.33,91.0,81.0,3.56
kedrovyy,56.17,24.8,73.0,75.0,4.61
falkoping,,,,,
whitehorse,60.72,25.52,86.0,20.0,3.36
meulaboh,4.14,82.04,77.0,57.0,5.28
marsh harbour,26.54,82.07,82.0,100.0,19.62
letterkenny,54.95,43.84,82.0,45.0,9.66
woodward,36.43,53.91,50.0,1.0,6.93
husavik,50.56,41.0,92.0,28.0,5.01
benalla,-36.55,65.48,42.0,73.0,14.99
utmanzai,34.19,75.2,57.0,20.0,4.7
gull lake,50.1,35.6,69.0,1.0,11.41
khandyga,62.65,32.55,99.0,100.0,3.09
rodrigues alves,-7.74,70.73,98.0,84.0,2.04
vardo,39.62,49.35,93.0,1.0,2.04
tzucacab,20.07,74.75,95.0,3.0,2.82
rawson,-43.3,70.03,30.0,35.0,20.74
horasan,40.04,56.91,45.0,86.0,2.91
soyo,-6.13,78.8,94.0,75.0,4.7
chimore,-16.98,66.66,78.0,94.0,2.08
yumen,40.29,58.02,15.0,4.0,2.42
gaoual,11.75,73.07,98.0,25.0,3.62
okhotsk,59.36,33.74,77.0,79.0,5.32
puerto escondido,15.86,74.46,89.0,50.0,3.53
yithion,,,,,
mlimba,-8.78,71.43,76.0,76.0,6.42
raudeberg,61.99,37.94,80.0,32.0,6.93
matipo,-20.28,65.91,93.0,100.0,1.21
pano aqil,27.86,82.4,51.0,0.0,7.09
dabat,12.98,74.26,63.0,15.0,1.88
garowe,8.41,77.59,66.0,95.0,3.29
manokwari,-0.87,80.04,73.0,44.0,5.7
sibu,2.29,89.24,66.0,75.0,3.36
alexandria,43.97,59.0,63.0,0.0,5.77
bluefields,12.01,72.66,98.0,0.0,1.41
evensk,61.92,19.79,55.0,100.0,1.97
mahon,51.89,44.46,87.0,40.0,13.87
aldan,58.61,37.54,77.0,0.0,3.36
mashhad,36.3,66.2,19.0,0.0,6.93
oksfjord,70.24,19.44,85.0,98.0,14.99
bilma,18.69,83.08,21.0,28.0,7.67
dwarka,28.58,83.95,45.0,40.0,5.82
port hedland,-20.31,102.2,21.0,2.0,13.87
tual,-5.67,79.88,77.0,85.0,9.82
mafeteng,-29.82,68.0,37.0,20.0,4.63
asmara,15.34,79.62,40.0,6.0,4.81
warqla,,,,,
havre-saint-pierre,50.23,37.4,86.0,75.0,9.17
majene,-3.54,83.78,71.0,54.0,4.99
goderich,43.74,42.8,91.0,86.0,17.52
salinas,36.67,55.42,87.0,90.0,5.82
isangel,-19.55,82.4,69.0,75.0,9.17
falavarjan,32.56,59.56,25.0,13.0,4.7
honiara,-9.43,89.6,70.0,40.0,9.17
korsakovo,53.27,50.59,86.0,53.0,6.8
belle fourche,44.67,45.21,37.0,90.0,14.81
ust-omchug,61.13,16.3,84.0,99.0,3.11
mechernich,50.59,51.57,100.0,100.0,3.36
te anau,-45.41,46.4,76.0,51.0,7.99
aqtobe,50.28,32.0,56.0,75.0,15.66
nakusp,50.24,30.0,97.0,41.0,2.26
cuamba,-14.8,78.11,64.0,15.0,9.31
la paz,24.15,73.4,78.0,5.0,9.17
karkaralinsk,,,,,
waddan,29.16,66.75,63.0,92.0,7.23
whitecourt,54.14,29.8,92.0,100.0,8.72
matagami,9.67,67.35,98.0,100.0,2.55
minab,27.15,89.6,62.0,0.0,2.55
xinqing,48.28,56.57,44.0,53.0,7.74
merrill,42.03,34.65,74.0,1.0,3.36
kemijarvi,,,,,
stoyba,,,,,
nalut,31.86,67.87,51.0,0.0,11.03
santiago del estero,-27.8,55.88,70.0,36.0,4.12
panaba,21.28,77.88,91.0,36.0,4.94
souillac,45.6,55.17,100.0,100.0,9.17
olinala,17.83,66.18,94.0,100.0,1.32
shepetivka,50.18,54.77,74.0,7.0,6.98
aksha,50.28,36.5,36.0,0.0,19.66
torres,-29.34,50.48,92.0,50.0,3.04
barwadih,26.9,85.22,56.0,96.0,7.94
kuche,,,,,
ukiah,39.15,48.63,81.0,1.0,3.69
qibili,,,,,
takoradi,4.89,74.17,93.0,93.0,3.91
grand gaube,-20.01,77.0,65.0,75.0,13.87
baykit,61.68,21.41,70.0,99.0,4.61
el alto,-16.5,39.2,86.0,75.0,5.82
porto velho,-8.75,75.2,94.0,20.0,1.9
eyl,7.98,82.05,59.0,100.0,11.41
havelock,34.88,69.53,93.0,90.0,5.82
cockburn town,21.46,82.77,80.0,97.0,16.84
najran,17.54,75.2,27.0,0.0,8.21
baruun-urt,46.68,39.07,32.0,6.0,17.67
salta,-24.79,59.23,82.0,75.0,4.7
